,Ticker,Momentum
1937,VAXX,2.750000232830649
1321,WULF,1.541463492357754
1805,EOSE,0.9810041530770232
1507,CVRX,0.7451564786251171
1787,SCLX,0.7247705850102745
1316,REPL,0.720588154085368
1354,SHCR,0.6995074321929247
1290,APLD,0.6414141256022778
1469,XPOF,0.6373506906890426
1381,LBPH,0.6333861372331777
1372,SFIX,0.542635711925291
755,RNA,0.5340021929902279
1903,VIGL,0.48639448996833573
1878,EGRX,0.4514436464201106
1716,SMR,0.4325032950509553
515,ENVX,0.4178404621908864
1760,RXT,0.39523819038927854
1931,RDW,0.3769841487595706
1932,ADRO,0.3769841487595706
963,MIRM,0.34753449046818524
1901,SKIL,0.33830841333363826
324,RXO,0.32857847172869303
1149,AOSL,0.3282389879273249
1455,BTBT,0.3242188205767904
1897,LICY,0.31537666458133534
1195,NRIX,0.3028037907397209
1699,CIFR,0.2967032016928767
1451,ASTS,0.29355608646206977
470,SIX,0.286409473961374
1494,HMST,0.28604119742215495
1125,TNGX,0.2857142857142857
1173,TELL,0.28571425095939146
1876,CARM,0.28461539872299335
1078,IRON,0.2815775888524147
975,SILK,0.2676387804703651
54,FTAI,0.2662807804948065
169,IRTC,0.26620670078098974
476,CNK,0.2614034627857886
138,MDC,0.26134123441468404
137,ACLS,0.26134123441468404
62,CVNA,0.25656830663443553
1135,URGN,0.25514085290151234
1853,BW,0.24999995193173846
1353,GRND,0.2484210164923417
186,AMKR,0.248100401051423
1725,BARK,0.24285717083483374
314,CRDO,0.23938065309463333
789,AUR,0.23788544774904502
1388,HROW,0.23605392767643393
1347,AAN,0.23183051551056003
1470,EVGO,0.2307692495793746
409,GLNG,0.22557948105116257
581,MXL,0.22510072875648013
1613,FF,0.21951222348823138
1852,CPSS,0.21575754339044745
707,FIZZ,0.21512891888911753
155,RPD,0.21366315826049803
1379,GCI,0.21188635553225996
1380,FSBC,0.21188635553225996
1063,OCUL,0.20871135585481582
1557,SMLR,0.20845277887783548
1391,LIND,0.2070773132382617
747,AKRO,0.2068785410562497
1334,BOOM,0.20595745330161236
397,PD,0.2048703527938771
1617,CMTL,0.20233462818436085
1383,PFIS,0.19757964924654958
1341,CARE,0.1947115700567039
967,DHC,0.194444449700586
1441,DAKT,0.19014700267655257
1851,ASRT,0.19000005722045898
118,INSM,0.1859134423756686
982,TMCI,0.1843065234542536
538,PTGX,0.18081185486618648
1635,RDVT,0.17857145068818042
1661,DOUG,0.17757002681986062
724,ADMA,0.17736999966266567
1362,ACNB,0.17478879274687012
1188,ATEX,0.17303666403430926
139,CRC,0.17146048390265742
932,ARQT,0.17013467935648813
483,CLDX,0.16492382003109202
1296,HLVX,0.16290326773438202
1509,NUVB,0.16176472521776952
1084,SNCY,0.16168229221954153
562,EXTR,0.16091950727672027
1544,EVCM,0.15889831214792216
1914,VALU,0.15688335933532893
1765,KLTR,0.1568627153071743
368,TBBK,0.15619289009295853
1834,EBS,0.15548278044287167
1671,RMNI,0.15476194756191455
78,HALO,0.1547170108488976
236,SPT,0.153512809460071
36,MARA,0.15219609570214346
496,VECO,0.15169357476352202
1259,CDNA,0.1511976429396155
1807,OMGA,0.14795916133103737
474,AVDX,0.14790078801893808
1811,NOTE,0.14634141850135898
1228,SVRA,0.1456789254233784
1898,FOSL,0.14516124690608634
293,CLSK,0.1446822345549076
418,VRNT,0.1445613660310444
577,STAA,0.1437529960463689
1059,CECO,0.14309009908804168
1152,MLNK,0.1430101802561936
606,ZETA,0.14035092227058382
1371,TERN,0.13976699563404424
218,FORM,0.1382660248110702
179,MDGL,0.13776525035098197
1769,DSP,0.1370614052286659
1793,TRVI,0.13333339566498917
767,GERN,0.13315933134232028
1572,AMPY,0.13131308509383777
37,AAON,0.13101537943740363
1358,DOMO,0.13095240207080733
1244,AXGN,0.1304985108627627
768,DYN,0.1298949968441608
121,COKE,0.1295410463128698
703,AVPT,0.12938599999811776
819,NABL,0.12893555077622226
1630,MVST,0.12820508684022883
66,ALTR,0.12736944868275218
320,RYTM,0.12734477910533504
50,VRNS,0.12642319379376982
1592,QUAD,0.12576072697454357
1253,FFWM,0.1252173548159392
610,HLX,0.12488262641737052
1128,ZIMV,0.12399256689762575
262,TMDX,0.12392424570451915
1387,ORRF,0.12343258471893888
677,WLY,0.12279240458441538
1251,NFBK,0.12249705416847798
1325,SSP,0.12186385564036839
1891,DTC,0.12169306963229105
112,CVLT,0.12168138403176496
1829,BCOV,0.11981565959541357
164,IRT,0.11890700849342266
1267,FIP,0.11840406714480894
1606,BLDE,0.11744963167530013
980,DCOM,0.11673154019941388
995,CLB,0.1155778733925183
575,SNDX,0.11554412112632795
1858,CMPO,0.11488674075543508
592,PHR,0.11488668045224941
1199,IIIV,0.11487178313426483
898,GDYN,0.11410122970606197
942,EWTX,0.11315332168985175
364,TWST,0.11179282370559239
1501,CELC,0.11155638562664397
452,TGTX,0.11145129842787986
1560,CVLY,0.11141941046082444
331,KRYS,0.10964331162738158
1636,COFS,0.1094215126507015
1624,MBCN,0.10936753028834158
1148,PETQ,0.10911735734360181
1880,KRMD,0.10849058089115471
1864,BKKT,0.1080446317322096
193,ACIW,0.1080316637128655
770,FWRD,0.10795128611536504
1873,SST,0.10769239233796019
1814,INNV,0.10769225287417515
632,UFPT,0.10749721369120765
1553,BOWL,0.10741888627492367
1666,LVWR,0.10719751711702949
890,AMLX,0.10588231911708834
1823,ACRS,0.1057692484037417
1522,ASUR,0.10498690324798698
202,PIPR,0.10482447196683516
822,EVRI,0.10447767567438168
1881,BTMD,0.10447765761639204
1513,CLMB,0.10331907246495196
1538,ANNX,0.10262014734893112
1667,EVBN,0.10174077841220791
1413,FISI,0.10163673942034823
1702,VABK,0.10092821346894446
895,VRDN,0.10083333651224773
547,AGYS,0.10031915218272108
1454,IHRT,0.09879037418618929
784,BFH,0.0975787571051047
310,LXP,0.09742099936231771
436,HURN,0.0972299246091219
15,CYTK,0.09685185350919646
590,JAMF,0.09622890018843439
135,NEOG,0.09620988842080225
1196,PBI,0.09576427207468517
369,NUVL,0.09498264412292663
411,ARDX,0.09393064858397282
245,AX,0.09378578096656548
1109,DMRC,0.09364903568028458
507,TFIN,0.09363909923992446
431,TGH,0.09166664269866208
430,IMVT,0.09166664269866208
1757,INTT,0.09166657560401854
1547,TSBK,0.09105689985295583
565,CUBI,0.09047726946017676
1482,VNDA,0.0898437594587451
811,ACMR,0.08975562903110008
1680,ATLC,0.088549604094131
1237,ADPT,0.08761328304117813
514,XPRO,0.08708269136026438
1423,BSRR,0.08646802721722298
1912,OPFI,0.08641974400173075
443,UCTT,0.08636358869868706
539,YOU,0.08579441720984796
1428,HBCP,0.08551530819883604
1786,DHX,0.08530809275183755
810,MNKD,0.08528786577552683
779,SP,0.08518878227882926
778,SGH,0.08518878227882926
1019,CFB,0.0849421156502818
1306,RSI,0.08486235647448052
894,FIGS,0.08477843012897848
629,SYBT,0.08477337888220364
1242,NTGR,0.08460976252257499
1239,CSTR,0.08432862810269474
1238,HTBI,0.08432862810269474
204,AXSM,0.08415843049650987
306,UNF,0.08360398796325717
1260,WEAV,0.08343263177840475
1187,AMAL,0.0833334097495474
1764,AKYA,0.08333337229061823
1687,SCPH,0.08270680735235093
80,MTSI,0.08270381909091121
1396,BMRC,0.08218271158386994
945,AORT,0.08159796091224275
776,CIM,0.08139412664781973
385,OII,0.08137933139143319
506,VSTO,0.08137855408717264
781,GABC,0.08112331827489982
711,NBHC,0.08093280387359737
1508,SMHI,0.08077544351825397
1348,MCS,0.0801397802628299
421,DNLI,0.0799804286181296
648,CASH,0.0788088808246369
1407,RBBN,0.0784313771322296
1311,ELVN,0.07787280809998275
1257,CPF,0.07730918686147029
281,KLIC,0.07704949593369555
1871,CURV,0.07692310886483203
246,WHD,0.07577333744289041
808,TGI,0.07538036996627646
694,DO,0.07386363405457212
1664,CHMG,0.07326679895356232
57,TRNO,0.07304156984356638
1610,AFCG,0.07286083789675606
911,CFFN,0.0725489985250772
1071,TVTX,0.07253885466305679
463,MYGN,0.07248317244897672
1565,INOD,0.07217210082342929
233,PSN,0.07176259502587551
1559,UNTY,0.07099754230861552
1478,TYRA,0.07063205329042468
1272,DJCO,0.07052725974774947
1445,GNTY,0.07050315596359263
90,APPF,0.07032592618442352
564,APPN,0.06991305143936821
669,BUSE,0.06969429677881916
1398,FBIZ,0.06944034156796013
843,OCFC,0.06906077566391673
604,DRS,0.06892182217365002
1079,LTH,0.06890553533100947
1243,SMBC,0.06889907795703148
1712,PEPG,0.06861572809220642
1690,BPRN,0.06789721038005021
1791,SBT,0.067622933599841
1241,KRNY,0.0676156801030104
1200,HONE,0.06751463428130611
1015,MBWM,0.06736178577538693
1221,INST,0.06733392052135354
1747,TGAN,0.06694553991181705
302,WSFS,0.06691192768688572
1762,PTSI,0.06687498092651367
940,COGT,0.06682571101369775
20,HQY,0.06648610495837368
1322,NBN,0.06632833314684888
336,PRGS,0.066308202616782
1665,OB,0.06622509933843847
954,CTBI,0.0660451267652986
1536,LILA,0.0652655038802624
7,PCVX,0.06506097337516545
965,NXRT,0.06480536817761245
1429,SFST,0.06453979462185049
609,MGNI,0.06451610482794057
1693,BRCC,0.06445999601915722
241,BRZE,0.06427224268356904
1193,PGC,0.06401139742543208
903,IAS,0.06352682545848702
628,FBK,0.06299865231514878
700,INTA,0.06290040296488845
598,NSSC,0.0625632757799855
712,BKD,0.06250001330460862
498,TALO,0.06249998403446988
14,WFRD,0.06233085289768459
1114,HTBK,0.06211179977057321
625,MORF,0.06199020039731348
831,LILAK,0.061946949334047326
1800,MOND,0.061946949334047326
1405,FRBA,0.06187289036437296
1438,HIFS,0.06178914980064193
1057,FCBC,0.061587878392433494
1169,MCBS,0.06134210436219803
602,NWBI,0.06001843242006615
1175,IBCP,0.05991152878320901
53,SFM,0.059860511249752904
1143,GSBC,0.0597766977710004
567,EFSC,0.05966697702705113
173,PBH,0.05942141034754665
1459,WSBF,0.05911324263666356
1490,BCML,0.05857589018616549
1865,OTLK,0.05857140677315848
1486,RRBI,0.058546326493638785
588,BANR,0.058494649907594086
389,CBU,0.05843420962331434
183,ARWR,0.05808279240788502
1017,UVSP,0.05772810975530705
862,BHLB,0.05770216933628559
219,SBRA,0.05765272273041217
65,EXLS,0.05762714450642214
1273,FFIC,0.057446819197830075
6,LNW,0.05688713950600357
1415,HBT,0.05675249000195546
915,PFC,0.056711768549884065
292,BOOT,0.056678873491258594
1627,ITIC,0.05621713550419553
297,FBP,0.05619263258177894
1615,CZFS,0.05599541320315414
558,NBTB,0.05597119560053049
1458,ENTA,0.05573502213287025
1556,FSBW,0.05558913103958227
223,ABCB,0.055051830148409434
1208,VITL,0.05497561814730483
291,ABM,0.05488960362206113
1269,HAFC,0.05469751801042181
851,UMH,0.05456941980925134
1579,NECB,0.05434140931543197
0,SMCI,0.05415328386617809
1752,STRS,0.053884669147919506
481,STR,0.05372997601585369
715,TCBK,0.05355224883677302
1024,OSBC,0.05304101709970382
30,CHX,0.05303753387367724
667,ICHR,0.05192715725415318
1539,OOMA,0.05190309173070878
1111,EQBK,0.05175360746047658
1005,IMAX,0.05136138190242448
1006,MSFUT,0.05136138190242448
1081,PWP,0.05124833898071015
1026,SWI,0.05121520620391609
405,CRVL,0.05107358635927274
1447,ARIS,0.05099703559560023
1520,EE,0.0509337642696285
31,ANF,0.0508368011477361
520,JBGS,0.050800313272392414
774,QCRH,0.050783456653326106
603,ATEC,0.05052626760382401
1009,PCT,0.050450400603340745
1668,ISPR,0.05020351306708523
1091,HTLD,0.050130118427320035
999,YEXT,0.05010020269880288
1750,AOMR,0.05000006921829929
242,ACAD,0.04973829815691825
1075,NRDS,0.049675994480086506
627,PWSC,0.04967195212572842
1186,RBCAA,0.04966641339790249
839,SRCE,0.049450559321762386
1113,WASH,0.049081236169447276
27,QLYS,0.0487211667985751
534,CMPR,0.048654530942997404
1219,ANAB,0.04857270261394539
630,RKLB,0.048498854930055804
968,TMP,0.04805997080781091
1430,MCBC,0.04799427467500781
1049,HBNC,0.0478187660382497
1274,MOFG,0.04768650681440363
985,EGBN,0.04753917345448482
1477,KIND,0.04743087957892075
513,RNST,0.04736354906354318
1766,MLP,0.04725897954684064
1831,EXFY,0.046979820667626425
451,PRK,0.04660570041904933
378,CARG,0.0465018292407642
1432,PHAT,0.04646665047974527
1192,TRST,0.04626064778963671
887,CNOB,0.04605264052239603
367,CVBF,0.04598406036530581
401,FIBK,0.04574917208851552
194,SFBS,0.045723284548685794
1656,SSBK,0.04559626201291437
1582,BCBP,0.045592686371104925
1214,UTI,0.04554325403234538
688,HIMS,0.04538800954437639
542,OFG,0.04522832187835312
1466,FNLC,0.044877198487719684
1377,TRUE,0.0448275419818108
34,TENB,0.044060308615309525
732,AIV,0.04402520627256205
738,AAT,0.044015777157649164
541,AKR,0.04377645899403352
479,CORT,0.043769934992925745
28,RMBS,0.04354080765058857
1072,BY,0.04332602864729084
559,ASAN,0.04325129979908123
1698,PDSB,0.04302926032050844
1270,NEXT,0.042895465150810295
522,BRP,0.042816141124509204
484,B,0.04261440700954861
509,AGM,0.042519866286407346
1461,CIVB,0.04210528992770011
88,MMSI,0.04210269009033749
247,SLG,0.041622035250388746
642,FCF,0.041540800622567826
44,BPMC,0.041396452869930316
1586,REPX,0.040998896183290875
1092,FMNB,0.04099223828987369
503,WSBC,0.040921139471847924
1053,KNTK,0.04070922118250658
1342,SPFI,0.040671648642458806
573,NTB,0.04062128521345613
756,ALKT,0.04045825808878342
1346,RBB,0.04039842581986438
379,PPBI,0.04031145963546138
1395,WTBA,0.04023670535650096
1783,PBFS,0.040040098235139245
250,BNL,0.040000606254273825
136,HWC,0.03990993271976516
1161,EBF,0.03948619912610405
1,ELF,0.03924666242625857
345,AROC,0.03903442504800455
1676,OVLY,0.0390222924237036
375,SFNC,0.03893250049143162
1885,GOCO,0.03880590868127341
706,NHC,0.0386435974272312
1437,FLIC,0.03853956670105762
1499,ORGO,0.038461594891973455
1163,FPI,0.03843139503681662
1604,PCB,0.03828382431090262
274,SEM,0.03823705304934733
799,UNFI,0.038149373268755955
1646,PCYO,0.03804352051369046
187,ARCB,0.03799432410431905
1770,USCB,0.03792250897008128
815,INVA,0.03773587395376227
39,PR,0.03737112800250708
127,KAI,0.037187882450904014
267,RRR,0.037178964653189865
422,BANF,0.03704996673078684
23,ENSG,0.03700147456783155
988,RPAY,0.03677931114571261
1374,MPB,0.03663180023762914
893,ACHR,0.03636367445806553
1443,NRIM,0.03625056238461419
285,CDP,0.03605643580368166
1623,BWFG,0.03603236284040187
1178,CCNE,0.0359750012032804
1797,RELL,0.03577814021571123
1048,CBL,0.03533450459633036
1230,CVLG,0.0353083899093053
1489,ARAY,0.035294082997992936
812,OBK,0.03524373100504455
933,FMBH,0.03470232912712658
708,STBA,0.034676684428466914
1838,SKYX,0.03459816691774679
1281,CCBG,0.03438488486308213
1291,AROW,0.03437244953111395
838,VSEC,0.034320197436744714
1839,PMTS,0.034285699753534224
1590,PKBK,0.034155594403590735
1460,SLRN,0.03414630969318087
1704,XOMA,0.034053143580658946
1708,ESSA,0.03403323227102654
1182,MCB,0.034021814320011466
131,EPRT,0.0339806669254066
1103,BFST,0.033637711720515585
160,CSWI,0.03340779145376179
545,TRMK,0.03339127250339674
848,SBSI,0.033117583430709516
1923,CIX,0.03303932616706848
746,PEBO,0.03302046716980361
841,SPNS,0.032970360172716005
360,FULT,0.03290227552378117
593,CHCO,0.03281891678542107
1542,GCBC,0.032216912809954035
663,PAR,0.03186891682570646
1748,WLFC,0.03184328409109832
879,FBMS,0.031527918102735475
1777,GAMB,0.0313725187093134
264,TCBI,0.03110654358999897
228,RIOT,0.031088103895754796
321,GH,0.03101059417006814
1309,SHBI,0.03082503724560867
650,CHEF,0.03078142686946017
745,NIC,0.030621260360936108
1007,CDRE,0.03054861241584003
798,DAWN,0.03034898401126696
1414,FMAO,0.030344820570671695
477,NEO,0.03032543147412933
1927,PRTH,0.030303105365945694
620,FBNC,0.03021664783946622
359,JBLU,0.03019539482031201
1584,RLGT,0.030188649368694614
191,MC,0.02973504525630482
449,EPC,0.029339452918648944
71,ONB,0.02900152594304026
1644,CFFI,0.028982776833661177
349,SKYW,0.028963547617373152
444,STEP,0.028831601913575998
771,INFN,0.028619541187933
772,ALPN,0.028619541187933
751,PDFS,0.02848925693429631
115,MOD,0.02844555360031936
134,MGY,0.02827135901130936
504,PRKS,0.028084628426986974
1529,AURA,0.027893975890794315
1302,SMBK,0.02776549783773583
1146,CAC,0.027525779783142152
353,CALM,0.027159683841979407
970,DRQ,0.027072732917610927
97,GKOS,0.026937221704580547
1551,NN,0.02675165828476023
634,GOGL,0.026557676702683514
1165,USLM,0.02643917492334601
1166,AMNB,0.02643917492334601
122,MATX,0.026073121619459638
689,LMAT,0.02558872601840029
871,BFC,0.02536126033314749
467,ATGE,0.025300960482736824
282,IBOC,0.025199680959968763
714,DEA,0.025188933213970567
1595,TTSH,0.025185196487991897
1194,DH,0.024809183228872017
1456,NMRA,0.024742244931687914
51,PBF,0.024685976921963837
342,RAMP,0.02439025136724945
1040,AMTB,0.024368272529135697
1516,BLFY,0.024321283809587924
904,AUPH,0.024253663127900445
955,MBIN,0.024235781431790317
1672,WISH,0.024074094841672847
1349,ESQ,0.023913010306980297
1822,KFS,0.02377979217776967
597,ADUS,0.02370672787932822
794,LGFB,0.023656950250258418
793,VBTX,0.023656950250258418
760,SASR,0.023625396084118334
814,HCSG,0.02349623984334645
437,MIR,0.02314366188686075
1191,CCB,0.023126463700234193
676,HOPE,0.02309911099015531
739,PFS,0.022808314653529026
1614,PLBC,0.022576052423105692
208,BL,0.022557938300297925
529,WAFD,0.02248008850429634
91,HOMB,0.022423395361778956
1599,CIO,0.02240328654437363
1278,AVXL,0.02238809776490291
1314,LQDT,0.022073938156079477
486,ENVA,0.02207214911539362
931,RWT,0.022067450436011004
1106,CATC,0.022005891080118918
142,LANC,0.02193846169621559
119,PECO,0.0218570838735536
744,EIG,0.021687318095029603
1882,PRLD,0.021680195790109467
854,PRM,0.021650923834909037
376,AUB,0.02153553704721009
178,ESGR,0.02143046322914472
1022,ZYME,0.02135223546681847
435,FFBC,0.02120788718978435
1794,BLUE,0.020833376018952292
188,BHVN,0.02081529972613363
69,SPXC,0.020753900105511237
429,CPE,0.020751589501773363
428,UE,0.020751589501773363
535,TTMI,0.02034256716052156
225,MQ,0.020220612565693304
1404,CZNC,0.020142190135775433
414,FRME,0.019972706849883167
1330,PX,0.019925261859617474
817,TRUP,0.019921716605589897
1181,ALX,0.019599540687200625
439,TOWN,0.019540947282654514
215,PGNY,0.01903047655430249
1755,MEC,0.01890360383731626
316,PJT,0.018867476050651352
1790,MNSB,0.018844951462907347
1773,KLXE,0.018711050656662273
1070,PFBC,0.0187068584195497
1781,TSQ,0.01858734247312562
1452,BWB,0.018567641941262602
829,LMND,0.01856430939933389
1231,BHB,0.01843316149616992
1575,LINC,0.018213360191714184
1554,FIHL,0.018108546927225126
722,MRTN,0.01800604022643089
1643,GBTG,0.017799374849493444
251,CERE,0.017720831579570988
1521,CBAN,0.017587943511488062
158,UMBF,0.017564889666862354
413,SBCF,0.017531108777190815
1827,PLX,0.017391288122742862
12,AIT,0.01716214087409924
17,SPSC,0.01710417365473854
1121,UHT,0.016816213535052343
960,AHCO,0.016718897859384754
373,NHI,0.01666081071286924
1493,LOCO,0.016574614260241573
668,ELME,0.016473764250191033
2,ONTO,0.01619492108196781
404,EBC,0.016188393271424267
1732,RNGR,0.015968047914422866
308,CATY,0.015633563059165474
795,UDMY,0.015531674578061776
13,FN,0.015510646001966374
371,PFSI,0.015401556681826136
234,IDCC,0.015368513690373285
1701,SEAT,0.01532574784649095
764,AMSF,0.015269589577302662
340,CEIX,0.015231794293616933
485,SITM,0.015161573134417041
1127,CLBK,0.015141106061384729
1730,SNPO,0.015108578385903992
1403,LMNR,0.014962651163330502
796,PLYM,0.014887508051754992
734,HRMY,0.01467646900520252
763,CTKB,0.014466531766881651
1480,TCBX,0.014450830142245392
1218,ALRS,0.014426201087367788
1065,MSBI,0.014330483471453107
227,KFY,0.014324821284172843
313,IIPR,0.014186247949618605
1723,PWOD,0.014107838069034961
882,TTGT,0.014075296756608199
462,BKU,0.014025231841165211
914,NBR,0.01389289588526097
1642,LAW,0.013888875091517962
1471,ONTF,0.013816912648208649
55,ALKS,0.01371570785665141
343,NMIH,0.013706765960943912
226,VRRM,0.013600325639976011
1545,HYLN,0.013333320617675781
880,GRC,0.0132767623092409
1304,TRTX,0.013175957762552915
440,EAT,0.01312669226915728
399,ENR,0.013112528437462856
11,APG,0.013106559194186171
83,UBSI,0.012822910493292042
723,NWLI,0.012739243363588207
1317,KGS,0.01270078994299329
1601,NRDY,0.012578604092237398
612,HTLF,0.012459642677114748
614,GRBK,0.012164091261296226
1284,ATNI,0.012040942296301685
448,SJW,0.012003650837775125
1768,EGAN,0.011804413775335393
873,BRKL,0.011792498451403769
1674,REI,0.011764694332664312
508,UPWK,0.011363625074878331
1021,IBRX,0.011290350615296844
416,ROG,0.011142117333688592
728,COLL,0.010845939546210617
370,BOH,0.010720505787277738
1758,MYFW,0.010707930451780671
384,JJSF,0.010541521591421991
339,PRFT,0.010537779573980445
641,ALEX,0.010490992031981098
1525,OBT,0.010421051871525994
100,CADE,0.010271850223585208
731,MFA,0.010136965499313436
33,MUR,0.010083616550682418
1201,ATXS,0.009825344332654933
1222,PNTG,0.00970875464409573
875,BJRI,0.009391059669508692
176,BXMT,0.009384148929869177
1318,OIS,0.009324000514850755
1591,ALCO,0.009262662127034655
1421,WTI,0.00921658074808496
1696,NATH,0.009003200858828303
108,GBCI,0.008994326612333481
482,ODP,0.008983631854289527
1313,BHRB,0.008713278996376694
1090,AGX,0.008607317436303923
710,WABC,0.008582789271158055
390,ABR,0.008528776699492403
487,VCYT,0.00851065288048878
833,HIBB,0.008336153391370437
1453,SPOK,0.008108100271120583
674,LADR,0.00809982888832148
1147,CMRE,0.008024639175573316
22,MTDR,0.007937869075670683
1076,HFWA,0.007882848414650714
1077,LGFA,0.007882848414650714
1256,MNTK,0.007575750049918888
190,AXNX,0.007485029598166204
944,VZIO,0.007448782626717479
59,CIVI,0.007281775480978517
475,SNEX,0.007254176488674798
1245,LAND,0.00721368807700824
713,EVBG,0.007194244604316547
633,LOB,0.007073323360180497
1058,WSR,0.006968343913404999
1625,RM,0.006737539771937924
1649,SKYT,0.006648961550755606
605,HTH,0.0065423868150484505
1809,BSVN,0.0064817394457497195
877,DCPH,0.0058962112964369845
232,ASB,0.0057943430486855595
696,UVV,0.005699819798432261
195,FRSH,0.005494556495772318
249,HCC,0.0053439212347115485
1935,UHG,0.005281727238559538
1350,TARO,0.005146227384868421
1734,IBEX,0.0050377785346049555
1356,OSG,0.004739332208735816
56,NSIT,0.0047169438958576055
152,VLY,0.004631446361770241
1144,THFF,0.0046139394444169165
752,FBRT,0.004573332023119982
1185,SRI,0.00449292010057775
184,WIRE,0.004470658809548941
453,OUT,0.004430762925711807
556,RXST,0.004420866549475747
1134,SMRT,0.0042553152634363075
1608,HRT,0.004195766793154113
1001,SLP,0.004131302887034782
1010,BLX,0.0040187183332864905
596,GEO,0.004007980285379867
341,LRN,0.0037835001689746546
1620,RMAX,0.003708248752207361
1621,LBC,0.003708248752207361
1013,HSTM,0.0036403488885822996
524,VGR,0.00360351390942896
400,SDRL,0.003592103432116051
571,ATRC,0.0035682392254156843
1552,CBNK,0.003433040555153527
363,AIR,0.0034182860974087117
791,MODN,0.003344494406205683
141,JXN,0.003247639061938779
1202,EGY,0.003220608825065571
1207,YORW,0.0032078898458188193
1394,IRMD,0.0027700584656075804
1359,CSV,0.0026474921864714594
1549,JMSB,0.002458563175999157
76,KRG,0.002255265533986638
1233,TBPH,0.0
224,NARI,0.0
868,ANIP,0.0
777,WT,0.0
403,INDB,0.0
678,STEL,0.0
1434,ZUMZ,0.0
680,TWO,0.0
1685,KRT,0.0
726,ZUO,0.0
1951,PRST,0.0
1220,FC,0.0
95,HLNE,0.0
280,AWR,0.0
272,IGT,0.0
505,JOBY,0.0
1448,DCGO,0.0
946,AMK,0.0
653,LTC,0.0
830,ACT,0.0
5,SSD,0.0
527,AMEH,0.0
526,IBTX,0.0
957,HAYN,0.0
1830,IVAC,0.0
260,FOXF,0.0
1588,PINE,0.0
1846,GWH,0.0
1023,BBUC,0.0
1038,WTTR,0.0
1772,FCCO,0.0
96,AEL,0.0
600,KURA,0.0
395,FCPT,0.0
192,OGS,0.0
1315,TPB,0.0
1861,SCWO,0.0
356,ACLX,0.0
929,GDEN,0.0
1035,MODV,0.0
1658,PDLB,-0.002188233808796654
570,RC,-0.0022846452317753993
1216,BFS,-0.0024603649011161275
1094,ALHC,-0.0025031265956738276
586,CNNE,-0.002603607321431361
856,NAT,-0.0026514977257940304
1848,OBIO,-0.002801117829202136
1154,BRY,-0.0030911872604436736
446,CNS,-0.003094250709206426
861,CSR,-0.0031323889539697307
896,SLCA,-0.0032299249702254
283,SITC,-0.003457492766446238
102,AMR,-0.0035191082271826876
103,MOGA,-0.0035191082271826876
1255,SRDX,-0.003567127560122306
235,SR,-0.0035883363723970382
271,HUBG,-0.0036266932283635506
74,BCPC,-0.003878415362395261
374,SHO,-0.003951048846336413
1532,SIGA,-0.003957748452921326
1618,INSE,-0.004371580712639677
24,SSB,-0.004465410304913254
1031,MTTR,-0.0045351432241545605
328,CRNX,-0.004537577571557722
1540,NATR,-0.004644969889963575
897,HLF,-0.00481233773654266
1355,OLP,-0.004813041961578395
909,DOLE,-0.0048419048542964
1574,PACK,-0.0049179890885585895
543,SQSP,-0.005028599330357143
457,DK,-0.005179325344202333
365,RDNT,-0.005435700707154298
1564,DXLG,-0.005540161082465291
1581,CRDA,-0.005555594310838305
1580,NXDT,-0.005555594310838305
1743,ESCA,-0.005763683216603277
640,HWKN,-0.005782250844466742
802,AMPL,-0.005793764782366109
1818,LLAP,-0.005973709865672354
1583,BRT,-0.006079028701138548
126,KNF,-0.006084284751157727
18,ITCI,-0.00613953772630003
1335,JRVR,-0.006174610140561519
1329,CTO,-0.0062113700161608955
1172,AEHR,-0.006266758670197226
1596,PGEN,-0.006410250532086098
530,LKFN,-0.00672682267891634
1376,CNSL,-0.006787377667537057
253,UCBI,-0.006872770023133875
997,CCO,-0.006944520329984546
68,NE,-0.007102610806463919
682,SAGE,-0.007200713427382849
683,SOVO,-0.007200713427382849
891,ATSG,-0.007230685612536811
557,STC,-0.007369784473790197
335,QTWO,-0.007420856983324287
1122,VMEO,-0.0077720135246339824
1450,MVBF,-0.00809069678919375
1258,ORC,-0.008210723089714322
29,FLR,-0.008256807528742782
821,ARR,-0.008279585303622494
113,FFIN,-0.008391955778859206
1011,ASC,-0.00844071666484631
1298,IVR,-0.008547000709448131
239,WD,-0.00855510726640197
782,HPP,-0.00877684688788794
783,ROVR,-0.00877684688788794
1548,SOI,-0.008984271126947828
125,EXPO,-0.00903116799859162
201,STNG,-0.009107986354260408
1234,VVX,-0.009115889488450452
1410,FRST,-0.00945183196510814
210,DBRG,-0.009713048557978088
1907,TCI,-0.00972900208356957
578,COHU,-0.009782931940714168
1645,GLUE,-0.010050241623450803
288,URBN,-0.010234994748247293
594,AGIO,-0.010266957429616532
1370,AGS,-0.010380695058606008
842,MDRX,-0.01041670598917381
60,MMS,-0.010490750859940983
128,HP,-0.010520411535298466
1180,ATRI,-0.010731395007899089
1943,ELA,-0.010752728969764116
472,EQC,-0.0108246952887603
655,GTY,-0.010838270088966338
180,ALE,-0.010982053498289185
511,LZB,-0.011024465247429643
1653,EPM,-0.01109056274895131
1810,JILL,-0.01129947764512067
737,SCHL,-0.011494249185834264
972,NYMT,-0.011549881904343258
844,PGRE,-0.011644630092452887
587,DDS,-0.011664550118550429
1500,JAKK,-0.012127856712058903
1481,REFI,-0.012228733575348339
1108,VTS,-0.012287191497385108
1416,ARTNA,-0.012376895531696379
1271,LMB,-0.01240342311986275
825,EFC,-0.012461619280559716
832,BRSP,-0.01251917103682086
552,DFIN,-0.012807725739251478
516,CAKE,-0.01282051282051282
1784,CDZI,-0.012903213897927004
675,SAFT,-0.012981975680980468
354,PRVA,-0.013271756679104605
1399,BALY,-0.013344441239900716
1872,BBAI,-0.013513500451867638
1774,ALTI,-0.014027995598190809
143,RDN,-0.01406668852867423
1909,PIII,-0.014084505353114639
827,MCRI,-0.014111660020034528
372,CTRE,-0.01411302522551512
899,AHH,-0.014223085984680918
790,WS,-0.01435821396185519
1694,III,-0.014582895856694747
801,MSEX,-0.014733254691661542
1936,ARL,-0.014778327767996072
1476,FNKO,-0.014862032079497966
1946,TSBX,-0.014869873978500495
1597,NKSH,-0.014869906447740775
1139,ACEL,-0.014895692460385107
380,GVA,-0.015052372348637376
286,DOC,-0.015174564363318937
1074,FUBO,-0.015624985448084446
743,VTLE,-0.015706832860088404
531,ROIC,-0.01587084974407829
1908,VATE,-0.015873000855468576
402,DORM,-0.016239758733182903
319,YELP,-0.016317712302113232
1503,PSTX,-0.016339854003679127
172,APLE,-0.016434528899434322
1505,AGEN,-0.01649963409701088
867,EXPI,-0.016559365875883192
42,MLI,-0.016583041279863025
1612,KODK,-0.016728652541533134
804,CMTG,-0.016754394930498774
326,MWA,-0.01679737593263578
387,PLUS,-0.016822458084932376
805,PRLB,-0.017122174626084
468,PLMR,-0.017129409940925145
243,BLKB,-0.017288142566813307
478,ACVA,-0.017405922248071207
1066,GMRE,-0.017435460652742055
725,BCRX,-0.01767303184584016
705,PMT,-0.018050541019080508
1808,SNFCA,-0.018094043331786058
917,UTL,-0.018113190273068985
647,KFRC,-0.01812944049522192
1217,KALV,-0.01816674810830307
1735,VEL,-0.018478269545477776
1337,BWMN,-0.018512605334135155
1140,GOOD,-0.01854465834552774
167,SWTX,-0.018843943718887802
1184,EHAB,-0.019058304354250235
1655,ATLO,-0.01908029778899667
1331,GCMG,-0.019211377903125784
1593,PKOH,-0.019245867585949806
591,KYMR,-0.019328222855681695
548,ARI,-0.01935708835029608
107,POR,-0.01937735429050423
133,VAL,-0.019377704593337024
1502,SENEA,-0.019412675871182353
1778,NODK,-0.019595047845359502
1060,YMAB,-0.019883991481878766
1422,GLRE,-0.019938667917364705
500,IVT,-0.020031988678435805
1041,ETNB,-0.02020200074126503
82,BMI,-0.020463343637983845
1130,SBGI,-0.020497784487474753
1107,STGW,-0.020527909061422985
338,PDCO,-0.02074014744681336
377,PARR,-0.02089786812455813
692,NNI,-0.0212621596253034
1945,BGXX,-0.021276638467188382
1280,OSPN,-0.021423086419969282
1916,ALVR,-0.021447684978742474
1587,NWFL,-0.021548244999469886
1190,NR,-0.021556921790714754
645,ESRT,-0.021567123928989
1511,PSTL,-0.021577378787742248
1089,HCKT,-0.02168485997859006
144,BCO,-0.021741219938941146
132,AEIS,-0.021994245204272265
1056,BLFS,-0.022107211114513317
978,ETWO,-0.02217303246002709
740,SAFE,-0.02217480459007487
217,CRS,-0.022212068293261927
572,HLIO,-0.02236621428535546
566,WKC,-0.022481768120040796
248,NOG,-0.022692433919396154
690,WNC,-0.022706629864020424
130,FOLD,-0.022931161351905167
322,STRL,-0.02298652281020754
35,NOVT,-0.02321406559277054
1087,SBOW,-0.02341305263617522
58,CWST,-0.023554406330207174
569,NVEE,-0.023668606998096222
1736,GWRS,-0.023700979174067688
10,BRBR,-0.023749366225015483
287,CWT,-0.023814335486269978
1465,ALTG,-0.023869353807778316
185,SANM,-0.02392342314337228
469,THS,-0.024206603509726657
237,CNO,-0.024437620248154737
116,NJR,-0.02459001473830968
434,CALX,-0.02462919337782212
1162,ATRO,-0.024764734362268698
1225,CWCO,-0.025060205269588017
295,BGC,-0.025287387569194828
615,CPRX,-0.025339915925771367
659,APOG,-0.025422399554741175
25,CMC,-0.02548522059055402
1286,TWKS,-0.02573526930386246
574,NMRK,-0.025742595946714346
464,TNC,-0.025904214729177786
1433,SB,-0.02640261533380844
49,DUOL,-0.02647849674063459
156,HAE,-0.02670584285960478
579,KN,-0.02678058881974131
490,EPAC,-0.026942931138386746
1440,OMER,-0.027093570602495502
1294,TPC,-0.02725173962972768
560,NTCT,-0.027310947098726526
1328,GNE,-0.027433054525315317
1639,WOW,-0.027777794947839756
111,FUL,-0.027887463077149666
681,VRE,-0.02792203650343354
1707,TLYS,-0.02797200232183025
445,DRH,-0.02807020607617252
1263,CERS,-0.02824856093507498
1738,NGVC,-0.02831045400385145
26,SIGI,-0.028330071171789963
718,CVI,-0.028392346384065875
361,VCEL,-0.028478958754685247
94,GATX,-0.028717387201501136
961,AMRX,-0.028744334853657526
357,AI,-0.028852630703885475
358,PGTI,-0.028852630703885475
1300,RMR,-0.028941688437767746
222,MGRC,-0.028970662827734382
803,LC,-0.02910360833051709
1874,DLTH,-0.02925529132309186
631,DEI,-0.029509360990440995
1449,EBTC,-0.029542677834215197
1892,METCB,-0.029702964347773017
1941,AFRI,-0.029729721834690616
104,PTEN,-0.02980764204933614
1198,BATRA,-0.029808424948787667
398,OSIS,-0.029839049998950953
951,GNK,-0.029910718201070483
1054,COCO,-0.02993382237053763
1472,PKE,-0.029957274963577023
499,BATRK,-0.030062089055221272
1713,SAMG,-0.030144009939539956
333,PATK,-0.030356397107932535
196,ALRM,-0.03042003019948934
1118,UIS,-0.0304449918083396
1008,DCO,-0.030478476578908276
845,AVNS,-0.030481850274446273
1037,VTOL,-0.030491380003487206
913,FLNG,-0.03075135448252394
518,VRTS,-0.03078261665675951
553,SFL,-0.03087716353567023
1506,FLWS,-0.030959674927940502
265,ICFI,-0.031098935513946817
1393,TSVT,-0.031100393048444034
1343,ANIK,-0.031109442061926777
189,CBZ,-0.03115954763687371
1705,INFU,-0.03120571079103427
1303,NPK,-0.031453357207600306
420,SCL,-0.03147674315731417
992,EB,-0.031512623561925315
1792,BH,-0.03174843736015401
1637,GRNT,-0.03201220121626913
943,PUBM,-0.03225807910990879
425,AMBA,-0.03248509731126835
168,AVNT,-0.032807402326286456
635,LNN,-0.032820481520432696
1151,CLDT,-0.03306024512087333
949,BSIG,-0.03307824478572545
98,BIPC,-0.03334306626025653
956,WWW,-0.03363894043453599
1131,WRLD,-0.03369137228166349
198,CCOI,-0.03375890418563784
947,CHCT,-0.03382660676382128
106,RVMD,-0.03385603329964016
1361,TAST,-0.0339505848061874
1360,ADV,-0.0339505848061874
1663,OM,-0.0340313817524028
727,WINA,-0.034055128272402924
836,RCUS,-0.0340909063542404
687,KW,-0.0341544301132435
1367,APPS,-0.03428568158830915
1648,SPRY,-0.034292081960712206
599,XHR,-0.034328567891595316
1412,GEFB,-0.03432978556747612
1411,AVD,-0.03432978556747612
998,CASS,-0.03473715938762632
664,LGND,-0.03480838426249768
329,GNW,-0.035031888483889474
426,HNI,-0.03547766221268091
46,ESNT,-0.03548553264352707
157,HGV,-0.03567037413310656
73,COOP,-0.035684261695463515
576,HLIT,-0.035743340297247336
512,CSGS,-0.03590952189819774
1510,FORR,-0.03593483485905164
702,GSAT,-0.03603600120498037
1746,RGCO,-0.03637245244786727
1523,DGICA,-0.036391171911044094
583,MSGE,-0.03667890725024632
1813,OPTN,-0.03669732095175381
129,LNTH,-0.03672489993597004
1869,NGM,-0.036743532037238645
1868,CCRD,-0.036743532037238645
1775,AVAH,-0.03682171760445876
536,GNL,-0.036939279127893763
410,IOVA,-0.037036973737267394
1631,BKSY,-0.03703711062301532
1004,IMXI,-0.037054575181343107
1338,GDOT,-0.037075144723268956
163,BDC,-0.03723724417627493
1934,SWKH,-0.0375505279367082
823,FA,-0.0376213533240759
270,SXT,-0.03762734803983672
860,SKWD,-0.03784653428352371
780,MRC,-0.037965071913705004
1710,LCNB,-0.03829786859883332
1711,MACK,-0.03829786859883332
240,NWE,-0.038337875206028695
617,SUPN,-0.03839193588766525
952,KELYA,-0.03846155505872433
1204,ALT,-0.0387182871448518
465,BANC,-0.03875893775282787
1751,RSVR,-0.03884711053115178
284,EVTC,-0.03886621226214438
644,HMN,-0.038904370035209974
621,NAVI,-0.03892148613198714
1589,UTMD,-0.03896704485871036
473,JOE,-0.03902349729847784
1110,KREF,-0.03905342364447215
1439,WEST,-0.039385192451663095
748,DGII,-0.03941301966552383
721,DNUT,-0.03951082519024367
166,BKH,-0.03975863813276731
1145,FLGT,-0.03976999953664316
346,MTX,-0.039807502034564846
85,FELE,-0.03984879346511624
991,DX,-0.03987635039118443
145,MAC,-0.039973827077475724
1426,LXRX,-0.04000002997262137
148,OTTR,-0.04004447622934452
607,MGPI,-0.04012096233947234
19,CHRD,-0.04016740815440555
754,MGNX,-0.0401785329402407
1895,BRBS,-0.040404081758145145
857,PDM,-0.040431292136145616
1327,CRMT,-0.04049690771331423
925,BBSI,-0.0405057307673411
959,SAVE,-0.04065043171853531
1158,KE,-0.041351725862180534
994,VVI,-0.04139936444695396
916,MD,-0.04177896760000792
383,CPK,-0.042124919222119785
840,ERII,-0.042232308442721786
643,DNOW,-0.042583419089567955
427,IRWD,-0.04258442941112011
624,MCY,-0.04261713812040203
406,INSW,-0.04273999375023825
671,LZ,-0.0428736825785143
672,RYZB,-0.0428736825785143
1543,EVC,-0.04294063276237316
1463,PAHC,-0.042952608742554625
408,MODG,-0.043367365557468854
1570,IMMR,-0.043478290217259345
279,IPAR,-0.04348486599531075
501,HLMN,-0.04381167220051937
773,MNRO,-0.04393815813906713
1531,FDBC,-0.04412408282276273
1119,UFCS,-0.04430386132023874
1177,XPER,-0.04441775377525663
392,COUR,-0.044594583709889696
334,NTLA,-0.04464290493083672
1401,TRC,-0.044809928859030054
1514,IAUX,-0.04504510890198043
1014,HCI,-0.045167987044775516
1375,IRBT,-0.04530744935855889
1373,EVER,-0.04568069656266628
735,PRAA,-0.04570025983992706
800,MMI,-0.04577022566197881
918,BELFB,-0.045821637318128175
855,CDE,-0.04593635318975423
207,JBT,-0.04603041125593429
309,WERN,-0.04615239256230388
1227,PSFE,-0.04646018562679875
1295,TBI,-0.046703317336873225
214,CVCO,-0.04686439643471928
1942,VGAS,-0.046979769835920004
220,PNM,-0.047006324302946254
344,PZZA,-0.04705639259496433
1197,ACRE,-0.04715113252364205
450,FSLY,-0.04743084667681574
846,DLX,-0.04757786944380577
847,TMST,-0.04757786944380577
544,KAR,-0.047702133179088495
958,BDN,-0.047722399274876544
568,CODI,-0.04789104312945961
1138,MLAB,-0.04810591163137839
699,SG,-0.048345223422191934
759,WMK,-0.048384629333280256
1585,LPSN,-0.04838714639304418
626,TNK,-0.048393798363503784
651,ADEA,-0.048428260520801764
382,MLKN,-0.04854370396961026
1389,MBI,-0.04856114814841814
673,ECPG,-0.04861905960618847
221,TDW,-0.048656525273408406
983,NVTS,-0.048661810507703934
1086,BIGC,-0.04892605234488368
151,BOX,-0.04899137604965153
67,IBP,-0.04906428801599159
870,CRGY,-0.049074866884561676
639,NWN,-0.04922837143902393
289,KOS,-0.04948804697024919
1176,DHIL,-0.049596609926401594
99,KBH,-0.04960536483203881
254,AIN,-0.04991892914478543
1444,PANL,-0.049999982554737706
551,DHT,-0.05000003178914388
1619,THRD,-0.0501104912891653
391,STRA,-0.05019641943965679
1126,CEVA,-0.05030798589658606
161,WDFC,-0.05044302226298729
447,UPST,-0.050580480027126735
480,ANDE,-0.05069648605853345
205,ITGR,-0.050774777845450675
149,GPI,-0.05081665655558785
140,ENS,-0.05082502705100183
255,SKT,-0.051300580225370325
987,VERV,-0.05142856779552642
1771,PETS,-0.051643252396386424
1640,FET,-0.051664731032638765
849,TRNS,-0.05171453475808586
1683,BHR,-0.05185647920470754
117,TNET,-0.052019394241937585
1457,SLDP,-0.05202314010771007
716,IMKTA,-0.05212227536322689
299,ESE,-0.05225540528167401
876,EMBC,-0.052262097678866755
1845,GRPH,-0.05238090480536074
1844,AIRS,-0.05238090480536074
213,SMPL,-0.052450318999637834
1043,OLO,-0.052631529414422
1283,OLMA,-0.05272107767790689
820,SXC,-0.052830226364487476
1692,HSHP,-0.05283709564444556
962,ETD,-0.05290458791871397
1047,REVG,-0.05298970311072452
16,UFPI,-0.05312850680552326
1717,GENC,-0.05316451833217959
1277,STER,-0.053212180593364904
1320,ATMU,-0.05327039554398085
834,ECVT,-0.05331880233858802
493,HEES,-0.053365807253212695
1879,HQI,-0.05350120402320002
315,DOCN,-0.053508131095197156
206,VC,-0.05352972229660818
1578,LXFR,-0.053807915781083744
1517,CDLX,-0.05386417332572925
698,NOVA,-0.054249580353137136
1682,ERAS,-0.05426351574634628
1600,FVCB,-0.0545454892245206
350,BEAM,-0.05455291097164395
720,SSTK,-0.0546282194587375
454,SXI,-0.054764786875306525
261,RUSHA,-0.05480392928683269
433,PSMT,-0.05482715602457083
1039,CHUY,-0.05484117752084359
1479,NWPX,-0.05490425841065995
1703,QIPT,-0.054977694578078114
1899,NVCT,-0.055045892295755114
275,KWR,-0.05517010151636777
1417,SD,-0.05518763734945069
230,IOSP,-0.05524001043766239
263,GFF,-0.05529342401760858
1246,RGP,-0.05580160465629586
1815,SEER,-0.0558658697003811
1104,HCAT,-0.0559875064211724
1714,SMTI,-0.056041979575402134
181,NSP,-0.056048255128667804
1684,MG,-0.05607482153980292
424,PRCT,-0.05614041111435711
1170,TTI,-0.056338042357781136
818,MDXG,-0.056338042357781136
1825,EEX,-0.056603761239207365
1312,NVEC,-0.05662834515205929
471,RLJ,-0.056681164997868794
72,FSS,-0.056701081381428986
175,NPO,-0.05680676607187301
709,NTST,-0.0571095309411743
101,SKY,-0.057200391667096125
1652,WEYS,-0.057234748064700455
835,JBSS,-0.057336760558191355
786,RLAY,-0.05743738861217352
432,SLVM,-0.05761714893742481
1603,ITI,-0.05764971522990316
460,RCKT,-0.0579115567756711
1756,FHTX,-0.05806446254067152
79,WK,-0.05810281387946663
679,SCS,-0.058139547778181457
110,HRI,-0.05829204080291647
1067,GLDD,-0.05830580022821038
695,BKE,-0.0586100118190318
608,BORR,-0.05864659562295045
1085,CENX,-0.058723831843138605
1866,CLPR,-0.05882353299862455
348,PRMW,-0.0589541007736419
1012,IIIN,-0.05914550988485638
580,GPOR,-0.05938295713255067
298,FTDR,-0.05943663691131162
863,SPNT,-0.05950537318847015
1638,HPK,-0.059691441901853035
89,ABG,-0.05969591929066652
762,TRS,-0.05985785293192956
203,DY,-0.05990395276931014
582,HBI,-0.0600775100671786
305,PLXS,-0.060098789911863466
1032,ARKO,-0.060260568990999346
1550,ULH,-0.060366809671316045
252,TGNA,-0.06076693186241394
1308,TREE,-0.06096403674296241
41,TMHC,-0.06122450595315773
1689,CLAR,-0.06128547741484697
517,LAUR,-0.06129031027517011
1571,LEGH,-0.061327709180669765
1497,SLQT,-0.06134970805791173
1688,CLPT,-0.06161970338209357
1247,UVE,-0.06170326130344758
938,SPTN,-0.06182158820926138
86,ZWS,-0.0619699813433184
150,TEX,-0.06198351053723486
238,DIOD,-0.06225779729743091
1262,MVIS,-0.06250004656612854
258,ARCH,-0.06253474364470142
40,GTLS,-0.0627007157662579
199,TPH,-0.06306298698761054
123,ACA,-0.06310899077268067
351,ENV,-0.06314174608252514
533,CWK,-0.06319705304006726
231,ZD,-0.06326247822488006
884,QNST,-0.06334305093012615
21,RHP,-0.06335077440345667
393,TRN,-0.06434059678643501
1034,PTLO,-0.06442027377352191
742,BHE,-0.06451066114986617
147,SHAK,-0.06481581527255284
276,BTU,-0.06490950486145049
1546,FRGE,-0.06493500461665078
311,PAGS,-0.06509358773132519
461,ROAD,-0.06517953309249816
1179,OFIX,-0.0653120200268842
1896,PNRG,-0.06535085042317708
209,SHOO,-0.06539112239087468
347,PI,-0.06572768875082648
853,PAX,-0.06600150992337303
937,RGR,-0.06606539810560492
1339,ALNT,-0.0662328251914304
48,WTS,-0.0663891504133171
973,INN,-0.06645054170864431
301,AVA,-0.0665938500915569
888,FDP,-0.06660941615461147
660,ALGT,-0.06661638954860809
1050,RES,-0.06697108762924046
902,CNXN,-0.06719362468068453
1419,RYAM,-0.06737582386514233
1098,LWLG,-0.06752405363728253
1566,CVGI,-0.06766919584552951
417,GOLF,-0.06775011701699196
1841,PRPL,-0.06779654852722472
906,HY,-0.06783437193774312
1724,FENC,-0.06835067412233091
312,ARVN,-0.06848332338512057
327,CCS,-0.06858018685509473
1753,LCTX,-0.06862744525137968
1055,CCRN,-0.06870749945488105
1721,LE,-0.06882019367893402
685,OSW,-0.0689230698805589
921,CRAI,-0.06910166553902511
758,VICR,-0.06930976069575898
170,ITRI,-0.06938388336326273
332,RELY,-0.0693909447706406
3,FIX,-0.06939439649690489
1436,MLYS,-0.06957185418348781
1728,MHLD,-0.06976748312273766
693,CARS,-0.06980197000779369
1223,RUSHB,-0.06983587828751225
920,SAH,-0.06993106706494291
1235,SGHC,-0.07022472022985694
661,SVC,-0.07050086215522085
584,USPH,-0.07082527040020745
1305,CTLP,-0.0709219838968376
1002,NVRI,-0.07096065822685706
294,GHC,-0.07100949522949257
362,MGEE,-0.07127511165691114
494,INMD,-0.0716882680917715
1224,ALLO,-0.0717131742793276
1535,JOUT,-0.07172528686818748
1926,RPHM,-0.07185629212701143
1226,MOV,-0.07267090746015234
64,SUM,-0.07285972455960249
761,VCTR,-0.07297418209245347
1917,IKNA,-0.07303370636019074
1061,PTVE,-0.07317077709336355
1297,PL,-0.07329842311072465
1420,GPRO,-0.07333334287007649
1782,VRCA,-0.07342658741758998
927,TILE,-0.07374442982642278
1080,FOR,-0.07424863442486805
268,MTRN,-0.07441363911362336
1020,HDSN,-0.07508156821423075
497,AZZ,-0.07515147816051136
878,IESC,-0.07536246246461491
826,ATEN,-0.0754076487918171
908,ASIX,-0.07540850779739595
216,MHO,-0.07555767176908894
1518,ZVRA,-0.07581964690209263
244,LCII,-0.0758664963534298
1759,NREF,-0.07592989876362731
984,REX,-0.07615560236174111
704,PRTA,-0.0762291623022911
266,IDYA,-0.07636927918012944
828,THR,-0.0763975445197077
1206,MLR,-0.07645152219932336
654,PAYO,-0.07653065941225443
1442,ONL,-0.07698735923079547
1264,TTEC,-0.07704655178233387
519,SATS,-0.07712357521607754
1051,NVRO,-0.07717044725792567
81,ASGN,-0.0772828390204237
1918,WLLBW,-0.07730770111083984
1629,OCN,-0.07783482239916129
1095,SCVL,-0.07810920235897939
1691,ATOM,-0.07862411748517265
646,PCRX,-0.07866624646130942
1310,FRPH,-0.07871432064764027
618,TDS,-0.0789483015178431
1082,SMMT,-0.07918549741882225
1491,ACIC,-0.07972854821244305
296,APAM,-0.07984438199197544
717,PRDO,-0.08012392446730598
1425,NEWT,-0.08014706779516255
872,FG,-0.08028488602753019
492,UPBD,-0.08045356371490281
1096,USNA,-0.08077078157659143
1279,TIPT,-0.08081958457359847
1515,INGN,-0.0809859738245517
229,CNX,-0.08113275927952877
1157,TK,-0.08119218900512455
77,SM,-0.08122896829057011
114,POWI,-0.08230181457819115
1779,HIPO,-0.08242694237590578
901,PUMP,-0.08260872224328253
750,SPHR,-0.0829139355792115
1365,ENFN,-0.08296945868362125
1462,INZY,-0.08316010397627671
686,UNIT,-0.08316835395575553
259,VSH,-0.08320394342560704
652,CAL,-0.08324321943968277
1842,MPX,-0.08341421681373076
1229,AMPS,-0.08353811750555831
407,VIAV,-0.08409991223314116
990,MATV,-0.08419240495045481
38,OPCH,-0.08470038887050929
1333,BV,-0.08470928064067196
1382,PLPC,-0.08499670776312901
1464,CHRS,-0.08522725964257533
623,CTS,-0.0853548444600116
555,AMWD,-0.08541423518655518
337,FLYW,-0.08543007753723682
1164,ADTN,-0.08571429057997108
1427,BBW,-0.08571543094718356
458,PEB,-0.08594856013851548
124,ALIT,-0.08600771239728873
936,TWI,-0.08646617237734933
1883,PMVP,-0.08670518757478143
1046,KNSA,-0.08675794844758652
1209,DXPE,-0.08695647047504419
619,PRG,-0.08729728492530617
355,SONO,-0.08734177834061999
528,THRM,-0.0873450200984601
889,ASTE,-0.0873970942225999
797,ZIP,-0.08770160069233679
1357,ABUS,-0.08771935205918358
1424,TRDA,-0.08789809752905411
1849,MURA,-0.08797659330902396
934,MEI,-0.08818184245716441
159,ORA,-0.08839423514896365
412,AMPH,-0.08852074978619638
45,ATKR,-0.0889500734522913
1028,CNDT,-0.08913647378647431
1073,ACCO,-0.08928567711728472
1594,RCKY,-0.08960293663935126
656,JBI,-0.0898380172225998
886,BLBD,-0.08994990958512301
636,UTZ,-0.09006262229286874
109,SYNA,-0.09006339091429423
537,PRO,-0.09022295695313648
423,PLAB,-0.09030101519712459
1268,CENT,-0.0906110750372672
865,BZH,-0.09066120768842219
866,LBAI,-0.09066120768842219
146,SWX,-0.09073008573852255
1837,SGHT,-0.09077811372428712
1133,MITK,-0.09083474517971102
1485,WLDN,-0.09093749523162842
757,KALU,-0.09103223933650889
1534,VYGR,-0.09132942426072597
1292,CLFD,-0.09175231645558483
964,HA,-0.09225092121066665
459,CENTA,-0.09244148515566206
979,LFST,-0.092559021360573
1167,RICK,-0.0926336427177771
910,DFH,-0.09264001570018239
1213,MTW,-0.0931005744322209
300,KTOS,-0.09324761800459971
809,MEG,-0.09326754997956879
1183,OSUR,-0.09341827041546386
1069,EVLV,-0.09363295612598216
1025,RDUS,-0.09365742731357025
304,LGIH,-0.09377553511639031
585,OXM,-0.09403043543011987
540,DVAX,-0.09415583410277513
1406,DSGR,-0.09419838828452501
749,COMP,-0.09433966022975068
1562,ZYXI,-0.0944162709805921
1042,CSTL,-0.09444440685898882
290,LIVN,-0.09486624380713768
1083,HSII,-0.09511492926750904
197,REZI,-0.09526038621170389
1681,HNRG,-0.09539472549080505
753,SCSC,-0.09560508879520636
1137,LUNG,-0.09565221958364653
1496,GPMT,-0.09589039250372265
1576,KRO,-0.0961753029245724
907,HOV,-0.0962866369986767
885,SIBN,-0.09663866528334913
441,KMT,-0.09669815016426515
775,BXC,-0.0968199085013509
1628,MYPS,-0.09691631297742796
816,SHEN,-0.09754796915666825
1740,ACTG,-0.09782608038386083
1101,PLOW,-0.09818710947768705
589,GBX,-0.09842087220819982
1484,HLLY,-0.09844556641183673
84,ETRN,-0.0984529216536444
1390,LRMR,-0.09846833024050017
806,PLRX,-0.09875522947896698
554,VERA,-0.09883286558217613
366,BLMN,-0.09892677597029129
1859,CNTY,-0.09893992188632067
1492,CRCT,-0.09902592074470819
1285,SEMR,-0.09927200755012171
1843,TUSK,-0.09944748797698535
684,WRBY,-0.09982979914849809
637,CXM,-0.1000918382207608
638,KROS,-0.10067799251137355
1093,GIC,-0.10078874968531254
1528,LSEA,-0.10102038284184237
1431,HRTX,-0.10103623758671472
303,ROCK,-0.10110219786574196
1117,IDT,-0.10113748685616722
1326,BOC,-0.10117810168190343
1016,VREX,-0.10125784247195267
1634,PFMT,-0.10135133393582352
1930,AMPX,-0.10144926534683554
900,ARLO,-0.10175437258000959
1323,CTOS,-0.10212766777719001
1524,CPS,-0.10303027850975092
1700,FLL,-0.10331387874951549
1890,FEAM,-0.10344833823077965
1727,CPSI,-0.10400514885575096
1726,STOK,-0.10400514885575096
394,ALG,-0.10411431348022676
691,CMCO,-0.10454177601073077
1142,CRSR,-0.10580210721333361
52,BECN,-0.10584849791978813
1697,BFLY,-0.10618561008731774
1533,ANGO,-0.10625004610046676
442,MBC,-0.10650150798647637
859,HAIN,-0.10654684567015331
1902,EYEN,-0.10657890980593669
1203,CDMO,-0.106649928106476
87,CBT,-0.10677291890219702
32,ATI,-0.10683130334924769
813,AXL,-0.10723513543284617
1828,BIRD,-0.10752693398102287
1299,AVNW,-0.10770719535426217
1211,DENN,-0.10814418792146613
765,UUUU,-0.10850443245297683
1132,PKST,-0.10860227539297092
1027,GOGO,-0.10910812359510608
1715,JYNT,-0.10931173541959355
1363,TCMD,-0.10998439009178483
1364,DSKE,-0.10998439009178483
1116,LEU,-0.11021445338482891
881,SMP,-0.11052627451201834
352,AMN,-0.11071041274804991
165,PCH,-0.11119957813435014
162,KTB,-0.11124480109042523
171,VKTX,-0.111610738908754
1018,FATE,-0.11171664231808857
1250,FARO,-0.11173184595655401
1153,FWRG,-0.11210054334956794
177,GT,-0.11217946072772078
563,GEF,-0.11271504131054012
986,LAZR,-0.11320758677892533
1795,WLLAW,-0.11336109373304579
1266,VPG,-0.11377778229890047
1252,XERS,-0.11428570038375659
92,SLAB,-0.114930436384832
93,FCFS,-0.11510000899561085
47,MTH,-0.11528127002482604
1567,TCX,-0.11536785797767066
415,PRIM,-0.11568270197665109
63,ASO,-0.1157995539387496
1483,ITOS,-0.11601880839008763
926,GPRE,-0.11604095396508814
307,SGRY,-0.1162702888002345
1212,KIDS,-0.1165048914860211
1670,ATNM,-0.1165643992307885
1052,FNA,-0.11677851111849871
1731,CMCL,-0.11720932361691497
1336,AMSWA,-0.11781888843366754
1913,BHIL,-0.1183431707449117
1045,NNOX,-0.11837233069663736
1948,CMAX,-0.11985024813390587
1293,SHYF,-0.11996846476801928
1821,EVI,-0.12003968723266607
905,RDFN,-0.12030077883640405
1607,HEAR,-0.1208178366175026
502,IONQ,-0.12082262620448113
1171,IE,-0.12118412292005713
1282,ALEC,-0.1212723872903469
1155,CYH,-0.1216931327059897
211,ADNT,-0.12175151504863434
1102,CLW,-0.1219004773462012
1824,PAYS,-0.12222221162584093
1886,RLYB,-0.12258060893952798
1729,PRTS,-0.12280700653653823
971,DIN,-0.12294293462964148
1563,GEVO,-0.12307690191550995
1141,AMRK,-0.12334682291310058
1929,UONEK,-0.12345681919446162
1512,ASLE,-0.1238222908091914
1307,LYTS,-0.12398747115506424
976,ZEUS,-0.12415842490621132
1397,ULCC,-0.12477061507095949
1519,IPI,-0.12495209696495435
182,EVH,-0.1250000453267241
1678,STHO,-0.12509651810188024
1392,PBPB,-0.12513965468464547
438,GSHD,-0.12517646340762867
1744,NC,-0.12538888786024202
1289,NAPA,-0.12577830456178188
1660,HBIO,-0.12578619087116272
43,BCC,-0.12595612494506722
120,AEO,-0.12651956694167069
1733,HFFG,-0.12721895035448186
670,XPEL,-0.1278254551595686
974,CRK,-0.1278772428420764
662,OEC,-0.12791862052163597
1402,AESI,-0.12793727960287307
1915,VHI,-0.12813828118915255
1150,OABI,-0.1282051182300516
869,MATW,-0.12898651588293583
1099,STKL,-0.12913902945322092
1100,EGLE,-0.12913902945322092
325,CNMD,-0.12963929423223455
1240,ORIC,-0.12984053543926644
495,SDGR,-0.129870097700309
1754,GRWG,-0.12992123175675446
1261,BYND,-0.1301546648314172
105,BBIO,-0.13043474254676196
1446,ONEW,-0.13106639487316793
323,OI,-0.1312803780816277
488,RXRX,-0.13154832297651187
1319,CCSI,-0.13214475606140802
489,NGVT,-0.13263418920976466
1761,TG,-0.13284137581066716
1577,VLGEA,-0.13284865919884425
1160,CVGW,-0.13351396062565168
1033,LASR,-0.13359680880209004
1408,AVIR,-0.1336761453269684
1276,OPK,-0.13380277729109977
174,LBRT,-0.13436943540939103
317,MYRG,-0.13437116554966327
852,TARS,-0.13453880334949816
1530,LUNA,-0.13489736849520195
1159,MRNS,-0.13513516561230884
649,GIII,-0.13567518203868947
212,AVAV,-0.13578002422099067
278,HASI,-0.13619960937773293
70,STNE,-0.13622977848771972
595,SBH,-0.1369095331851944
736,FDMT,-0.13708044692272084
1767,CATO,-0.13721801904083356
419,WGO,-0.1372590232156266
1275,MXCT,-0.1373874156876201
1647,SES,-0.13740454611470518
561,JACK,-0.13947690374720878
550,LUMN,-0.1395348471866237
787,MBUU,-0.1400560207763545
1136,HVT,-0.1404612278086624
1569,CDXS,-0.14080459966985878
1616,RIGL,-0.14183676696627934
850,SRRK,-0.14240500980835974
1366,NKTX,-0.1434846310425322
1120,CLNE,-0.14383563880827294
858,VIR,-0.1439322404985375
1504,SKIN,-0.1441860689479886
1156,SVV,-0.14437366916707517
1473,VMD,-0.14438501617007074
1036,PRA,-0.1444600551579535
1836,KVHI,-0.144814134759403
1174,RVNC,-0.14617942146662277
1650,BLNK,-0.14649682254103324
273,SHLS,-0.1466480078595552
1488,OPRX,-0.14761096045172914
1088,NG,-0.1478696523205806
1000,EDIT,-0.14787425812597527
1105,EOLS,-0.14834744590482288
977,MYE,-0.1489034806741266
396,XRX,-0.1493775895723743
1400,EGHT,-0.1494252422072519
9,XTSLA,-0.15033161442377269
8,NXT,-0.15033161442377269
154,CBAY,-0.1507876634725157
153,GMS,-0.1507876634725157
1817,BCAB,-0.15094339905563753
981,BGS,-0.15134762919452138
525,JELD,-0.15173313934678737
1474,HOFT,-0.1518647122943299
1064,SWBI,-0.1520958562567314
1742,IMRX,-0.15217394121202504
1804,NDLS,-0.15228429805517005
1435,TNYA,-0.1532663644701207
257,DOOR,-0.15341922616077894
256,HELE,-0.15341922616077894
1669,ALDX,-0.1536458144158431
953,DDD,-0.15384614339607364
491,DAN,-0.1548893676547168
200,HI,-0.15502688383258192
701,BYON,-0.15514994072796062
1003,HZO,-0.15537736290818951
1928,UONE,-0.15555556615193686
330,CSTM,-0.1560509725482369
1030,EU,-0.15677961949403332
658,INBX,-0.15691239785034994
657,OMCL,-0.15691239785034994
729,NX,-0.15747187517857172
966,GES,-0.15838414256625172
1115,MED,-0.15879997253417968
928,EYPT,-0.15890684986222398
741,CWH,-0.15913116043722764
785,RYI,-0.159306911220257
1820,VUZI,-0.1597222291209077
941,APGE,-0.160026092429458
892,LPRO,-0.1601208400459089
1816,GBIO,-0.16013072506519502
1555,WVE,-0.16025641613458058
4,MSTR,-0.1606479362826001
622,BMBL,-0.16131755260109834
1254,MRSN,-0.16170208146529833
1236,RCEL,-0.16178069943364587
1029,CRNC,-0.16224193914896948
1745,NAUT,-0.16236164244533352
1345,MCFT,-0.1627040351670615
613,POWL,-0.16289251931037468
1112,TITN,-0.1631868734176605
1850,STKS,-0.16334664836194562
1369,PRME,-0.1633588000768181
1129,EWCZ,-0.16351115638921174
1384,SPWR,-0.163580237601774
1541,OFLX,-0.1666731582241417
466,PTCT,-0.16724552973129977
1741,CMT,-0.16773501628327633
1888,CMBM,-0.1692789818704722
989,LQDA,-0.1696551750446188
277,UEC,-0.17002879230684403
1622,MGTX,-0.1700405147486021
923,HOUS,-0.1704260814866898
1675,RRGB,-0.1710843426099032
1385,BAND,-0.1711409199601194
1332,GCO,-0.17154524003217175
697,LPG,-0.17222888274458753
950,GTN,-0.17278374973938293
318,FL,-0.1728085793153335
269,OSCR,-0.17386774378418782
1737,KPTI,-0.1740890639410049
1123,NRC,-0.17460890461944767
792,BASE,-0.17477981043589416
1867,PROK,-0.1749174839584818
665,SMTC,-0.1749607190094816
666,KAMN,-0.1749607190094816
523,CXW,-0.17589776565082263
1709,TDUP,-0.17676768710620294
1812,GLT,-0.17682924657475
1168,AVO,-0.1771620221418997
730,INDI,-0.17748345943517976
521,OPEN,-0.1788991252116375
1651,OPI,-0.17903928971668376
1950,--,-0.18042233492317178
1949,EVA,-0.18042233492317178
532,EYE,-0.18099548431828408
824,QTRX,-0.18246291953214744
766,CHGG,-0.1830601258420133
1884,KZR,-0.1830985903668985
1654,CRMD,-0.1832060311531197
386,HL,-0.18321920268910022
1819,CTXR,-0.18345869877776422
1785,TELA,-0.1836364052512429
996,THRY,-0.18461542428768757
769,KOP,-0.18521858996999385
1248,LXU,-0.18545085831663588
455,WOR,-0.18580317902375082
1609,EHTH,-0.18584073858614325
1124,SOUN,-0.18619248239318772
1947,DFLI,-0.18638740985109387
1801,DC,-0.18685127358827952
1796,IPSC,-0.19127514415923288
1877,MKTW,-0.19148935270791517
788,SABR,-0.19182393732980343
1862,COOK,-0.192592582127031
75,SIG,-0.1928934178145907
546,CBRL,-0.19431280156372457
969,RVLV,-0.1983385567550593
1904,NL,-0.19866880222781794
1799,VOXX,-0.1994135042936668
1558,IGMS,-0.20023555419262873
1641,NRGV,-0.200840395398161
1832,ACET,-0.20138893717968714
1835,DSGN,-0.2014742351538163
1719,FSR,-0.20309052228790886
1718,PLSE,-0.20309052228790886
1602,ACDC,-0.2043715285992869
1632,GRTS,-0.20547949567613222
1633,CVCY,-0.20547949567613222
611,XNCR,-0.20617691216484077
1659,SSTI,-0.2065217327925119
1749,BGFV,-0.21186440906270787
1611,BBCP,-0.21293799291916107
837,ASPN,-0.21318604788479306
1924,AADI,-0.21546961216804164
1232,STEM,-0.21804516669536353
510,TROX,-0.21833420694722333
912,CABA,-0.2197802433365224
1368,LOVE,-0.22253716981222618
1210,COMM,-0.2251655864410248
1856,VERI,-0.22789117797751957
1910,GORV,-0.22802201599015726
1905,FOA,-0.22818792583942288
1826,DNMR,-0.22876711143161535
1487,PLL,-0.22980394550398284
1695,MASS,-0.23064514069849879
939,NUS,-0.23133778094713747
919,CMP,-0.23845568580120446
1921,ACRV,-0.23896100276999047
61,ALTM,-0.24009323555911435
1686,JANX,-0.24117858188315744
1855,EP,-0.24153848794790414
1875,ORGN,-0.24272728523932185
1802,CTGO,-0.2466960359152917
1418,TH,-0.24734042800532333
1833,AEVA,-0.24773412308708703
1789,SWIM,-0.2493506035086546
922,RGNX,-0.25000003230604
1340,RILY,-0.25299656220013966
1495,WALD,-0.25389753331806886
1475,STRO,-0.25609755530235373
1887,ZURA,-0.25614753497668874
1922,DZSI,-0.2564102505320861
549,OMI,-0.2568493083575181
1776,VTNR,-0.2571428506552765
1798,PPTA,-0.25726743480880704
1205,CGEM,-0.25776402561228934
1097,CRBU,-0.25874123658881587
388,PLAY,-0.2608280520653409
733,XMTR,-0.26610280956674953
1657,KOD,-0.2685185559928607
1626,VRA,-0.269607824804415
1467,HUMA,-0.27137042483797563
1763,TPIC,-0.27378641936318077
1378,ODC,-0.27446636734665547
1561,WW,-0.27500003166496706
924,RAPT,-0.27638188426155835
1919,ZVIA,-0.2771338368596379
456,BE,-0.2780952453613281
1324,MAX,-0.27889589407820325
948,AMBC,-0.2818599211198567
1944,LPTV,-0.28717946836934216
935,AMRC,-0.2886456759857653
1526,ME,-0.2919021199721351
1527,AGTI,-0.2919021199721351
1706,DM,-0.2994836124362743
883,SANA,-0.2996158988133226
1301,NVAX,-0.30131723260243076
1677,CMPX,-0.30441178674825725
1847,ALLK,-0.3070866075213366
381,ARRY,-0.3075253324058816
1863,BTAI,-0.30769235652633453
1870,VOR,-0.30839156735129203
616,LESL,-0.3142361300824961
1803,EVEX,-0.3166666997803569
1840,RNAC,-0.3258333206176758
719,FLNC,-0.32663932122776657
1893,CUTR,-0.32735426584291444
1249,ALXO,-0.33147324267679773
1806,MCRB,-0.33148150539692445
1933,VLD,-0.34429594916768635
1722,GNLX,-0.345195704324981
1468,EAF,-0.3496644458536209
1857,LNZA,-0.35251799610039825
1940,RENT,-0.35598290852575887
601,PACB,-0.3582887461904823
1889,AKTS,-0.36410255117058943
1598,FGEN,-0.37398376505186864
1189,MPLN,-0.37623762259377225
1673,QSI,-0.3773333231608073
1068,KRUS,-0.3775120860996409
993,CYRX,-0.3790087570287141
1854,CUE,-0.38181818444538385
1906,SGMT,-0.38996135317552844
1044,FCEL,-0.38999998569488525
1288,METCV,-0.39111053611899943
1287,DBI,-0.39111053611899943
1920,FTCI,-0.39399999380111694
1573,POWW,-0.3940520592717438
1386,LYEL,-0.4015151590409902
1662,TSE,-0.40401148480737387
1409,AMWL,-0.40476188617768954
1788,XFOR,-0.41100001335144043
1344,PLCE,-0.41538462272057164
864,ARCT,-0.4181013296556124
1860,ATRA,-0.4214533033199812
1605,SGMO,-0.4310344437781741
1498,SNBR,-0.4438963724038391
1939,ADRO,-0.4461538363725711
1938,RBOT,-0.4461538363725711
807,SAVA,-0.44818180257623846
1900,XAIR,-0.4564102556265004
1720,SPWH,-0.4665071505613389
874,ACCD,-0.47710487860761297
1954,CAD,-0.484240687067382
1956,P5N994,-0.484240687067382
1957,CRGE,-0.484240687067382
1953,GTXI,-0.484240687067382
1955,PDLI,-0.484240687067382
1952,TIO,-0.484240687067382
1958,RTYH4,-0.484240687067382
1265,AMCX,-0.4901746556673451
1911,TWOU,-0.49436940166066057
1739,BIG,-0.5158501631999208
1215,NKLA,-0.5345911778046033
1780,VTYX,-0.5434343277684348
1062,SPCE,-0.5633259969730293
1351,BMEA,-0.5963470179648729
1352,SMMF,-0.5963470179648729
1894,WKHS,-0.6020942388770709
1925,CARA,-0.6132352813562721
930,ZNTL,-0.6324561230326912
1679,MAXN,-0.703243233664703
1568,OVID,-0.7145695384105755
1537,AVTE,-0.902130111367413
